<?xml version="1.0" encoding="UTF-8" standalone="yes"?>
<connectedSystemHaul xmlns:a="http://www.appian.com/ae/types/2009">
    <versionUuid>_a-0000e9cb-6f7e-8000-2e60-01ef9001ef90_8113</versionUuid>
    <connectedSystem>
        <name>TEST_AppianDeployment</name>
        <uuid>_a-0000e9cb-6f7e-8000-2e60-01ef9001ef90_8107</uuid>
        <description></description>
        <visibility>
            <advertise>false</advertise>
            <hierarchy>true</hierarchy>
            <indexable>true</indexable>
            <quota>false</quota>
            <searchable>true</searchable>
            <system>false</system>
            <unlogged>false</unlogged>
        </visibility>
        <sharedConfigParameters>
            <a:Dictionary xmlns:xsd="http://www.w3.org/2001/XMLSchema" xmlns:xsi="http://www.w3.org/2001/XMLSchema-instance">
                <configurationDescriptor xsi:type="xsd:string"/>
                <url xsi:type="xsd:string"/>
                <isInheritedUrlOptionSelected xsi:type="xsd:boolean">false</isInheritedUrlOptionSelected>
                <baseUrl xsi:type="xsd:string">http://ubuntuappian.procensol.com:8080/suite/deployment-management/v1/</baseUrl>
                <authType xsi:type="xsd:string">API Key</authType>
                <authDetails xsi:type="a:Dictionary">
                    <apiKeyName xsi:type="xsd:string">Appian-API-Key</apiKeyName>
                    <apiKeyValue xsi:type="a:EncryptedText"/>
                    <sendAsHeader xsi:type="xsd:boolean">true</sendAsHeader>
                </authDetails>
            </a:Dictionary>
        </sharedConfigParameters>
        <logoChoice></logoChoice>
        <integrationType>system.http</integrationType>
    </connectedSystem>
    <roleMap public="true">
        <role inherit="false" allowForAll="false" name="readers">
            <users/>
            <groups/>
        </role>
        <role inherit="false" allowForAll="false" name="authors">
            <users/>
            <groups/>
        </role>
        <role inherit="false" allowForAll="false" name="administrators">
            <users/>
            <groups/>
        </role>
        <role inherit="false" allowForAll="false" name="denyReaders">
            <users/>
            <groups/>
        </role>
        <role inherit="false" allowForAll="false" name="denyAuthors">
            <users/>
            <groups/>
        </role>
        <role inherit="false" allowForAll="false" name="denyAdministrators">
            <users/>
            <groups/>
        </role>
    </roleMap>
    <history>
        <historyInfo versionUuid="_a-0000e9cb-6f7e-8000-2e60-01ef9001ef90_8113"/>
    </history>
</connectedSystemHaul>
